States,Member State,Year,Fund,Total Paid,Advance,Interim,Absorption (%),,,,,,
EU (28 countries),Austria,2007,ERDF,13601320.42,13601320.42,0,2.11,,,,,,
Belgium,Austria,2008,ERDF,20401980.63,20401980.63,0,5.27,,,,,,
Bulgaria,Austria,2009,ERDF,56436858.43,17001650.54,39435207.89,14.01,,,,,,
Czechia,Austria,2010,ERDF,66360472.22,0,66360472.22,24.28,,,,,,
Denmark,Austria,2011,ERDF,83961663.78,0,83961663.78,37.28,,,,,,
Germany,Austria,2012,ERDF,29132198.48,0,29132198.48,41.79,,,,,,Make member state list for CSV to draw from for buttons
Estonia,Austria,2013,ERDF,90110163.13,0,90110163.13,55.75,,,,,,
Ireland,Austria,2014,ERDF,81839972.53,0,81839972.53,68.42,,,,,,
Greece,Austria,2015,ERDF,150288389.2,0,150288389.2,91.7,,,,,,
Spain,Austria,2016,ERDF,21339769.69,0,21339769.69,97.97,,,,,,
France,Austria,2007,ESF,10488251.2,10488251.2,0,2,,,,,,
Croatia,Austria,2008,ESF,15732376.8,15732376.8,0,5,,,,,,
Italy,Austria,2009,ESF,109384414.3,13110314,96274100.29,25.86,,,,,,
Cyprus,Austria,2010,ESF,51980866.53,0,51980866.53,35.77,,,,,,
Latvia,Austria,2011,ESF,43729800.28,0,43729800.28,44.11,,,,,,
Lithuania,Austria,2012,ESF,127612653.4,0,127612653.4,68.44,,,,,,
Luxembourg,Austria,2013,ESF,88834753.19,0,88834753.19,85.38,,,,,,
Hungary,Austria,2014,ESF,50428816.33,0,50428816.33,95,,,,,,
Malta,Austria,2015,ESF,0,0,0,95,,,,,,
Netherlands,Austria,2016,ESF,0,0,0,95.5,,,,,,
Austria,Austria,2007,TOTAL,24089571.62,24089571.62,0,2.06,,,,,,
Poland,Austria,2008,TOTAL,36134357.43,36134357.43,0,5.15,,,,,,
Portugal,Austria,2009,TOTAL,165821272.7,30111964.54,135709308.2,19.32,,,,,,
Romania,Austria,2010,TOTAL,118341338.8,0,118341338.8,29.43,,,,,,
Slovenia,Austria,2011,TOTAL,127691464.1,0,127691464.1,40.34,,,,,,
Slovakia,Austria,2012,TOTAL,156744851.9,0,156744851.9,53.74,,,,,,
Finland,Austria,2013,TOTAL,178944916.3,0,178944916.3,69.03,,,,,,
Sweden,Austria,2014,TOTAL,132268788.9,0,132268788.9,80.33,,,,,,
United Kingdom,Austria,2015,TOTAL,150288389.2,0,150288389.2,93.18,,,,,,
,Austria,2016,TOTAL,21339769.69,0,21339769.69,96.86,,,,,,
,Belgium,2007,ERDF,14155364.82,14155364.82,0,1.43,,,,,,
,Belgium,2008,ERDF,35358793.78,35358793.78,0,5.02,,,,,,
,Belgium,2009,ERDF,120522675.1,24757079.32,95765595.73,17.23,,,,,,
,Belgium,2010,ERDF,96618910.75,0,96618910.75,27.03,,,,,,
,Belgium,2011,ERDF,48983726.45,0,48983726.45,31.99,,,,,,
,Belgium,2012,ERDF,155877181.6,0,155877181.6,47.79,,,,,,
,Belgium,2013,ERDF,176398401.6,0,176398401.6,65.67,,,,,,
,Belgium,2014,ERDF,221290008.6,0,221290008.6,88.1,,,,,,
,Belgium,2015,ERDF,54766613.57,0,54766613.57,93.65,,,,,,
,Belgium,2016,ERDF,6608604.39,0,6608604.39,100,,,,,,
,Belgium,2007,ESF,21464351.88,21464351.88,0,2,,,,,,
,Belgium,2008,ESF,32196527.82,32196527.82,0,5,,,,,,
,Belgium,2009,ESF,148960333.2,26830439.86,122129893.4,18.9,,,,,,
,Belgium,2010,ESF,8265347.76,0,8265347.76,19.67,,,,,,
,Belgium,2011,ESF,137211703.9,0,137211703.9,32.47,,,,,,
,Belgium,2012,ESF,193725178.1,0,193725178.1,50.53,,,,,,
,Belgium,2013,ESF,228591506.4,0,228591506.4,71.85,,,,,,
,Belgium,2014,ESF,58471808.36,0,58471808.36,77.31,,,,,,
,Belgium,2015,ESF,163015107.3,0,163015107.3,92.51,,,,,,
,Belgium,2016,ESF,26707498.21,0,26707498.21,99.79,,,,,,
,Belgium,2007,TOTAL,35619716.7,35619716.7,0,1.73,,,,,,
,Belgium,2008,TOTAL,67555321.6,67555321.6,0,5.01,,,,,,
,Belgium,2009,TOTAL,269483008.3,51587519.18,217895489.1,18.1,,,,,,
,Belgium,2010,TOTAL,104884258.5,0,104884258.5,23.19,,,,,,
,Belgium,2011,TOTAL,186195430.3,0,186195430.3,32.24,,,,,,
,Belgium,2012,TOTAL,349602359.6,0,349602359.6,49.22,,,,,,
,Belgium,2013,TOTAL,404989908,0,404989908,68.89,,,,,,
,Belgium,2014,TOTAL,279761817,0,279761817,82.48,,,,,,
,Belgium,2015,TOTAL,217781720.9,0,217781720.9,93.06,,,,,,
,Belgium,2016,TOTAL,33316102.6,0,33316102.6,99.89,,,,,,
,Bulgaria,2007,CF,57075904.13,57075904.13,0,2.5,,,,,,
,Bulgaria,2008,CF,91321446.59,91321446.59,0,6.5,,,,,,
,Bulgaria,2009,CF,91321446.6,91321446.6,0,10.5,,,,,,
,Bulgaria,2010,CF,5055639.93,0,5055639.93,10.72,,,,,,
,Bulgaria,2011,CF,269558062.3,0,269558062.3,22.53,,,,,,
,Bulgaria,2012,CF,317888063.8,0,317888063.8,36.45,,,,,,
,Bulgaria,2013,CF,142246524.3,0,142246524.3,42.68,,,,,,
,Bulgaria,2014,CF,350480735,0,350480735,58.03,,,,,,
,Bulgaria,2015,CF,513062506.1,0,513062506.1,80.51,,,,,,
,Bulgaria,2016,CF,330874028,0,330874028,97.36,,,,,,
,Bulgaria,2007,ERDF,64102644.32,64102644.32,0,2.05,,,,,,
,Bulgaria,2008,ERDF,96153966.48,96153966.48,0,5.12,,,,,,
,Bulgaria,2009,ERDF,128205288.6,128205288.6,0,9.21,,,,,,
,Bulgaria,2010,ERDF,349178712.3,0,349178712.3,20.36,,,,,,
,Bulgaria,2011,ERDF,182421867.1,0,182421867.1,26.18,,,,,,
,Bulgaria,2012,ERDF,389640582.7,0,389640582.7,38.62,,,,,,
,Bulgaria,2013,ERDF,435678301.2,0,435678301.2,52.53,,,,,,
,Bulgaria,2014,ERDF,427816742.1,0,427816742.1,66.19,,,,,,
,Bulgaria,2015,ERDF,595444506.5,0,595444506.5,85.2,,,,,,
,Bulgaria,2016,ERDF,306994494.5,0,306994494.5,96.35,,,,,,
,Bulgaria,2007,ESF,23709197.26,23709197.26,0,2.01,,,,,,
,Bulgaria,2008,ESF,35563795.89,35563795.89,0,5.02,,,,,,
,Bulgaria,2009,ESF,47418394.52,47418394.52,0,9.04,,,,,,
,Bulgaria,2010,ESF,42897519.45,0,42897519.45,12.68,,,,,,
,Bulgaria,2011,ESF,87343988.45,0,87343988.45,20.08,,,,,,
,Bulgaria,2012,ESF,136031899.5,0,136031899.5,31.61,,,,,,
,Bulgaria,2013,ESF,308282185.7,0,308282185.7,57.75,,,,,,
,Bulgaria,2014,ESF,288281819.1,0,288281819.1,82.18,,,,,,
,Bulgaria,2015,ESF,145158785.6,0,145158785.6,94.49,,,,,,
,Bulgaria,2016,ESF,6063573.56,0,6063573.56,99.86,,,,,,
,Bulgaria,2007,TOTAL,144887745.7,144887745.7,0,2.2,,,,,,
,Bulgaria,2008,TOTAL,223039209,223039209,0,5.58,,,,,,
,Bulgaria,2009,TOTAL,266945129.8,266945129.8,0,9.63,,,,,,
,Bulgaria,2010,TOTAL,397131871.6,0,397131871.6,15.65,,,,,,
,Bulgaria,2011,TOTAL,539323917.9,0,539323917.9,23.83,,,,,,
,Bulgaria,2012,TOTAL,843560545.9,0,843560545.9,36.62,,,,,,
,Bulgaria,2013,TOTAL,886207011.1,0,886207011.1,50.05,,,,,,
,Bulgaria,2014,TOTAL,1066579296,0,1066579296,66.23,,,,,,
,Bulgaria,2015,TOTAL,1253665798,0,1253665798,85.24,,,,,,
,Bulgaria,2016,TOTAL,643932096.1,0,643932096.1,97.33,,,,,,
,Croatia,2007,CF,0,0,0,0,,,,,,
,Croatia,2008,CF,16049925,16049925,0,5.71,,,,,,
,Croatia,2009,CF,55228.5,0,55228.5,5.73,,,,,,
,Croatia,2010,CF,1064780.96,0,1064780.96,6.11,,,,,,
,Croatia,2011,CF,4842095.52,2460150,2381945.52,7.83,,,,,,
,Croatia,2012,CF,12214446.04,0,12214446.04,12.18,,,,,,
,Croatia,2013,CF,24952376.59,0,24952376.59,21.05,,,,,,
,Croatia,2014,CF,86149873.15,59920000,26229873.15,51.7,,,,,,
,Croatia,2015,CF,43531480.81,0,43531480.81,67.19,,,,,,
,Croatia,2016,CF,78086567.22,0,78086567.22,95,,,,,,
,Croatia,2007,ERDF,0,0,0,0,,,,,,
,Croatia,2008,ERDF,26655075,26655075,0,6.28,,,,,,
,Croatia,2009,ERDF,89466.3,0,89466.3,6.3,,,,,,
,Croatia,2010,ERDF,3193359.67,0,3193359.67,7.05,,,,,,
,Croatia,2011,ERDF,11273732.65,4244850,7028882.65,9.7,,,,,,
,Croatia,2012,ERDF,13197079.17,0,13197079.17,12.81,,,,,,
,Croatia,2013,ERDF,43240924.89,0,43240924.89,22.99,,,,,,
,Croatia,2014,ERDF,99992581,68520000,31472581,46.53,,,,,,
,Croatia,2015,ERDF,51109673.13,0,51109673.13,58.56,,,,,,
,Croatia,2016,ERDF,80078078.46,0,80078078.46,77.41,,,,,,
,Croatia,2007,ESF,0,0,0,0,,,,,,
,Croatia,2008,ESF,0,0,0,0,,,,,,
,Croatia,2009,ESF,0,0,0,0,,,,,,
,Croatia,2010,ESF,0,0,0,0,,,,,,
,Croatia,2011,ESF,0,0,0,0,,,,,,
,Croatia,2012,ESF,0,0,0,0,,,,,,
,Croatia,2013,ESF,0,0,0,0,,,,,,
,Croatia,2014,ESF,43998399.76,0,43998399.76,28.87,,,,,,
,Croatia,2015,ESF,21102931.23,0,21102931.23,42.71,,,,,,
,Croatia,2016,ESF,31614612.4,0,31614612.4,68.67,,,,,,
,Croatia,2007,TOTAL,0,0,0,0,,,,,,
,Croatia,2008,TOTAL,42705000,42705000,0,4.98,,,,,,
,Croatia,2009,TOTAL,144694.8,0,144694.8,4.99,,,,,,
,Croatia,2010,TOTAL,4258140.63,0,4258140.63,5.49,,,,,,
,Croatia,2011,TOTAL,16115828.17,6705000,9410828.17,7.37,,,,,,
,Croatia,2012,TOTAL,25411525.21,0,25411525.21,10.33,,,,,,
,Croatia,2013,TOTAL,68193301.48,0,68193301.48,18.27,,,,,,
,Croatia,2014,TOTAL,230140853.9,128440000,101700853.9,45.09,,,,,,
,Croatia,2015,TOTAL,115744085.2,0,115744085.2,58.57,,,,,,
,Croatia,2016,TOTAL,189779258.1,0,189779258.1,81.62,,,,,,
,Cyprus,2007,CF,5330112.1,5330112.1,0,2.5,,,,,,
,Cyprus,2008,CF,8528179.36,8528179.36,0,6.5,,,,,,
,Cyprus,2009,CF,14360284.59,8528179.36,5832105.23,13.24,,,,,,
,Cyprus,2010,CF,31659292.11,0,31659292.11,28.08,,,,,,
,Cyprus,2011,CF,33998576.44,0,33998576.44,44.03,,,,,,
,Cyprus,2012,CF,9105775.82,0,9105775.82,48.3,,,,,,
,Cyprus,2013,CF,3519904.51,0,3519904.51,49.95,,,,,,
,Cyprus,2014,CF,54811803.28,0,54811803.28,75.66,,,,,,
,Cyprus,2015,CF,22458137,0,22458137,86.2,,,,,,
,Cyprus,2016,CF,18772194.59,0,18772194.59,100,,,,,,
,Cyprus,2007,ERDF,5589227.08,5589227.08,0,2,,,,,,
,Cyprus,2008,ERDF,8383840.62,8383840.62,0,5,,,,,,
,Cyprus,2009,ERDF,40211490.11,11178454.16,29033035.95,19.39,,,,,,
,Cyprus,2010,ERDF,22291905.61,0,22291905.61,27.37,,,,,,
,Cyprus,2011,ERDF,21491196.04,0,21491196.04,35.06,,,,,,
,Cyprus,2012,ERDF,19152925.98,0,19152925.98,41.91,,,,,,
,Cyprus,2013,ERDF,75125314.29,0,75125314.29,68.79,,,,,,
,Cyprus,2014,ERDF,54246242.58,0,54246242.58,88.2,,,,,,
,Cyprus,2015,ERDF,18996143.99,0,18996143.99,95,,,,,,
,Cyprus,2016,ERDF,0,0,0,100,,,,,,
,Cyprus,2007,ESF,2395383.08,2395383.08,0,2,,,,,,
,Cyprus,2008,ESF,3593074.62,3593074.62,0,5,,,,,,
,Cyprus,2009,ESF,4956340.98,4790766.16,165574.82,9.14,,,,,,
,Cyprus,2010,ESF,12980070.62,0,12980070.62,19.98,,,,,,
,Cyprus,2011,ESF,13194155.47,0,13194155.47,30.99,,,,,,
,Cyprus,2012,ESF,14178120.52,0,14178120.52,42.83,,,,,,
,Cyprus,2013,ESF,25291793.77,0,25291793.77,63.95,,,,,,
,Cyprus,2014,ESF,31705093.8,0,31705093.8,90.42,,,,,,
,Cyprus,2015,ESF,5486663.44,0,5486663.44,95,,,,,,
,Cyprus,2016,ESF,0,0,0,100,,,,,,
,Cyprus,2007,TOTAL,13314722.26,13314722.26,0,2.17,,,,,,
,Cyprus,2008,TOTAL,20505094.6,20505094.6,0,5.52,,,,,,
,Cyprus,2009,TOTAL,59528115.68,24497399.68,35030716,15.24,,,,,,
,Cyprus,2010,TOTAL,66931268.34,0,66931268.34,26.17,,,,,,
,Cyprus,2011,TOTAL,68683927.95,0,68683927.95,37.39,,,,,,
,Cyprus,2012,TOTAL,42436822.32,0,42436822.32,44.31,,,,,,
,Cyprus,2013,TOTAL,103937012.6,0,103937012.6,61.29,,,,,,
,Cyprus,2014,TOTAL,140763139.7,0,140763139.7,84.27,,,,,,
,Cyprus,2015,TOTAL,46940944.43,0,46940944.43,91.93,,,,,,
,Cyprus,2016,TOTAL,18772194.59,0,18772194.59,100,,,,,,
,Czech republic,2007,CF,115090938.8,115090938.8,0,1.33,,,,,,
,Czech republic,2008,CF,458145519.7,458145519.7,0,6.63,,,,,,
,Czech republic,2009,CF,576037780.9,352760897.6,223276883.3,13.29,,,,,,
,Czech republic,2010,CF,523325347.8,0,523325347.8,19.35,,,,,,
,Czech republic,2011,CF,0,0,0,19.35,,,,,,
,Czech republic,2012,CF,1411742786,0,1411742786,35.68,,,,,,
,Czech republic,2013,CF,1363040475,0,1363040475,51.45,,,,,,
,Czech republic,2014,CF,899946865.8,0,899946865.8,61.86,,,,,,
,Czech republic,2015,CF,1621564286,0,1621564286,80.61,,,,,,
,Czech republic,2016,CF,1243643872,0,1243643872,100,,,,,,
,Czech republic,2007,ERDF,177415763.6,177415763.6,0,1.31,,,,,,
,Czech republic,2008,ERDF,508037267.2,508037267.2,0,5.08,,,,,,
,Czech republic,2009,ERDF,997552399.4,548362424.7,449189974.7,12.47,,,,,,
,Czech republic,2010,ERDF,1348324363,0,1348324363,22.45,,,,,,
,Czech republic,2011,ERDF,1418437224,0,1418437224,32.96,,,,,,
,Czech republic,2012,ERDF,1399293713,0,1399293713,43.32,,,,,,
,Czech republic,2013,ERDF,1131557686,0,1131557686,51.7,,,,,,
,Czech republic,2014,ERDF,1702366672,0,1702366672,64.31,,,,,,
,Czech republic,2015,ERDF,2923469915,0,2923469915,85.97,,,,,,
,Czech republic,2016,ERDF,967251437.2,0,967251437.2,96.34,,,,,,
,Czech republic,2007,ESF,75490428.56,75490428.56,0,2.06,,,,,,
,Czech republic,2008,ESF,113235642.8,113235642.8,0,5.14,,,,,,
,Czech republic,2009,ESF,152296962.7,150980857.1,1316105.6,9.29,,,,,,
,Czech republic,2010,ESF,231090006,0,231090006,15.58,,,,,,
,Czech republic,2011,ESF,240768874.6,0,240768874.6,22.13,,,,,,
,Czech republic,2012,ESF,299544273.6,0,299544273.6,30.29,,,,,,
,Czech republic,2013,ESF,1027907862,0,1027907862,58.27,,,,,,
,Czech republic,2014,ESF,308700892.1,0,308700892.1,66.68,,,,,,
,Czech republic,2015,ESF,800532992.4,0,800532992.4,88.48,,,,,,
,Czech republic,2016,ESF,239621386.9,0,239621386.9,98.06,,,,,,
,Czech republic,2007,TOTAL,367997131,367997131,0,1.43,,,,,,
,Czech republic,2008,TOTAL,1079418430,1079418430,0,5.61,,,,,,
,Czech republic,2009,TOTAL,1725887143,1052104179,673782963.6,12.29,,,,,,
,Czech republic,2010,TOTAL,2102739717,0,2102739717,20.43,,,,,,
,Czech republic,2011,TOTAL,1659206099,0,1659206099,26.86,,,,,,
,Czech republic,2012,TOTAL,3110580772,0,3110580772,38.91,,,,,,
,Czech republic,2013,TOTAL,3522506024,0,3522506024,52.55,,,,,,
,Czech republic,2014,TOTAL,2911014430,0,2911014430,63.83,,,,,,
,Czech republic,2015,TOTAL,5345567193,0,5345567193,84.53,,,,,,
,Czech republic,2016,TOTAL,2450516696,0,2450516696,97.81,,,,,,
,Denmark,2007,ERDF,5095772.4,5095772.4,0,2,,,,,,
,Denmark,2008,ERDF,7643658.6,7643658.6,0,5,,,,,,
,Denmark,2009,ERDF,9504763.82,6369715.5,3135048.32,8.73,,,,,,
,Denmark,2010,ERDF,19953011.32,0,19953011.32,16.56,,,,,,
,Denmark,2011,ERDF,65794007.45,0,65794007.45,42.38,,,,,,
,Denmark,2012,ERDF,21418690.89,0,21418690.89,50.79,,,,,,
,Denmark,2013,ERDF,0,0,0,50.79,,,,,,
,Denmark,2014,ERDF,76313302.39,0,76313302.39,80.74,,,,,,
,Denmark,2015,ERDF,36325982.13,0,36325982.13,95,,,,,,
,Denmark,2016,ERDF,0,0,0,100,,,,,,
,Denmark,2007,ESF,5095772.38,5095772.38,0,2,,,,,,
,Denmark,2008,ESF,7643658.57,7643658.57,0,5,,,,,,
,Denmark,2009,ESF,23846199.91,6369715.48,17476484.43,14.36,,,,,,
,Denmark,2010,ESF,21647823.33,0,21647823.33,22.86,,,,,,
,Denmark,2011,ESF,28857640.02,0,28857640.02,34.18,,,,,,
,Denmark,2012,ESF,14104809.73,0,14104809.73,39.72,,,,,,
,Denmark,2013,ESF,46669932.01,0,46669932.01,58.03,,,,,,
,Denmark,2014,ESF,58116099.35,0,58116099.35,80.84,,,,,,
,Denmark,2015,ESF,36067252.75,0,36067252.75,95,,,,,,
,Denmark,2016,ESF,0,0,0,100,,,,,,
,Denmark,2007,TOTAL,10191544.78,10191544.78,0,2,,,,,,
,Denmark,2008,TOTAL,15287317.17,15287317.17,0,5,,,,,,
,Denmark,2009,TOTAL,33350963.73,12739430.98,20611532.75,11.54,,,,,,
,Denmark,2010,TOTAL,41600834.65,0,41600834.65,19.71,,,,,,
,Denmark,2011,TOTAL,94651647.47,0,94651647.47,38.28,,,,,,
,Denmark,2012,TOTAL,35523500.62,0,35523500.62,45.25,,,,,,
,Denmark,2013,TOTAL,46669932.01,0,46669932.01,54.41,,,,,,
,Denmark,2014,TOTAL,134429401.7,0,134429401.7,80.79,,,,,,
,Denmark,2015,TOTAL,72393234.88,0,72393234.88,95,,,,,,
,Denmark,2016,TOTAL,0,0,0,100,,,,,,
,Estonia,2007,CF,28793286.15,28793286.15,0,2.5,,,,,,
,Estonia,2008,CF,46069257.84,46069257.84,0,6.5,,,,,,
,Estonia,2009,CF,86996496.98,46069257.84,40927239.14,14.05,,,,,,
,Estonia,2010,CF,109672035.6,23034628.92,86637406.7,23.58,,,,,,
,Estonia,2011,CF,47532585.78,0,47532585.78,27.7,,,,,,
,Estonia,2012,CF,303519960.3,0,303519960.3,54.06,,,,,,
,Estonia,2013,CF,322693433.3,0,322693433.3,82.07,,,,,,
,Estonia,2014,CF,144386698,0,144386698,94.61,,,,,,
,Estonia,2015,CF,4481119.76,0,4481119.76,95,,,,,,
,Estonia,2016,CF,0,0,0,95,,,,,,
,Estonia,2007,ERDF,37204222.12,37204222.12,0,2,,,,,,
,Estonia,2008,ERDF,55806333.18,55806333.18,0,5,,,,,,
,Estonia,2009,ERDF,332590657.5,74408444.24,258182213.3,22.88,,,,,,
,Estonia,2010,ERDF,338953866.4,0,338953866.4,41.1,,,,,,
,Estonia,2011,ERDF,163209635.1,0,163209635.1,49.87,,,,,,
,Estonia,2012,ERDF,249731878,0,249731878,63.3,,,,,,
,Estonia,2013,ERDF,291653919.5,0,291653919.5,78.98,,,,,,
,Estonia,2014,ERDF,211801665.9,0,211801665.9,90.36,,,,,,
,Estonia,2015,ERDF,86248373.04,0,86248373.04,95,,,,,,
,Estonia,2016,ERDF,0,0,0,95,,,,,,
,Estonia,2007,ESF,7830346.58,7830346.58,0,2,,,,,,
,Estonia,2008,ESF,11745519.87,11745519.87,0,5,,,,,,
,Estonia,2009,ESF,55023992.5,15660693.16,39363299.34,19.05,,,,,,
,Estonia,2010,ESF,79290962.29,15660693.16,63630269.13,39.31,,,,,,
,Estonia,2011,ESF,28317542.95,0,28317542.95,46.54,,,,,,
,Estonia,2012,ESF,105510673.4,0,105510673.4,73.49,,,,,,
,Estonia,2013,ESF,64243686.06,0,64243686.06,89.9,,,,,,
,Estonia,2014,ESF,19978738.89,0,19978738.89,95,,,,,,
,Estonia,2015,ESF,0,0,0,95,,,,,,
,Estonia,2016,ESF,0,0,0,95,,,,,,
,Estonia,2007,TOTAL,73827854.85,73827854.85,0,2.17,,,,,,
,Estonia,2008,TOTAL,113621110.9,113621110.9,0,5.51,,,,,,
,Estonia,2009,TOTAL,474611147,136138395.2,338472751.7,19.45,,,,,,
,Estonia,2010,TOTAL,527916864.4,38695322.08,489221542.3,34.96,,,,,,
,Estonia,2011,TOTAL,239059763.8,0,239059763.8,41.99,,,,,,
,Estonia,2012,TOTAL,658762511.7,0,658762511.7,61.34,,,,,,
,Estonia,2013,TOTAL,678591038.8,0,678591038.8,81.28,,,,,,
,Estonia,2014,TOTAL,376167102.8,0,376167102.8,92.33,,,,,,
,Estonia,2015,TOTAL,90729492.8,0,90729492.8,95,,,,,,
,Estonia,2016,TOTAL,0,0,0,95,,,,,,
,EU28,2007,CF,1574682675,1574682675,0,2.26,,,,,,
,EU28,2008,CF,2788941543,2788941543,0,6.28,,,,,,
,EU28,2009,CF,4231354403,2616005299,1615349104,12.36,,,,,,
,EU28,2010,CF,5573771880,397527001,5176244879,20.38,,,,,,
,EU28,2011,CF,5459897231,2460150,5457437081,28.23,,,,,,
,EU28,2012,CF,8632321737,0,8632321737,40.64,,,,,,
,EU28,2013,CF,11177917717,0,11177917717,56.72,,,,,,
,EU28,2014,CF,12816891710,59920000,12756971710,75.15,,,,,,
,EU28,2015,CF,10491561470,0,10491561470,90.24,,,,,,
,EU28,2016,CF,3138852190,0,3138852190,98.32,,,,,,
,EU28,2007,ERDF,3555711828,3555711828,0,1.85,,,,,,
,EU28,2008,ERDF,6044750686,6018930729,25819957.11,5,,,,,,
,EU28,2009,ERDF,13807625583,6097599768,7710025815,12.19,,,,,,
,EU28,2010,ERDF,19849431039,0,19849431039,22.52,,,,,,
,EU28,2011,ERDF,23398600951,4244850,23394356101,34.71,,,,,,
,EU28,2012,ERDF,24690705840,0,24690705840,47.56,,,,,,
,EU28,2013,ERDF,28381340566,0,28381340566,62.34,,,,,,
,EU28,2014,ERDF,27341778778,68520000,27273258778,76.58,,,,,,
,EU28,2015,ERDF,22555749149,0,22555749149,88.32,,,,,,
,EU28,2016,ERDF,11085902268,0,11085612231,97.89,,,,,,
,EU28,2007,ESF,1513921430,1513921430,0,1.98,,,,,,
,EU28,2008,ESF,2368158234,2275775107,92383127.35,5.09,,,,,,
,EU28,2009,ESF,7006821307,2303327443,4703493864,14.26,,,,,,
,EU28,2010,ESF,6734850732,371348557.7,6363502174,23.09,,,,,,
,EU28,2011,ESF,9519963975,0,9519963975,35.56,,,,,,
,EU28,2012,ESF,10711517916,0,10711517916,49.59,,,,,,
,EU28,2013,ESF,12645118677,0,12645118677,66.15,,,,,,
,EU28,2014,ESF,9944484943,0,9944484943,79.18,,,,,,
,EU28,2015,ESF,7661634486,0,7661634486,89.21,,,,,,
,EU28,2016,ESF,3383564799,0,3383564799,97.7,,,,,,
,EU28,2007,TOTAL,6644315933,6644315933,0,1.97,,,,,,
,EU28,2008,TOTAL,11201850463,11083647379,118203084.5,5.28,,,,,,
,EU28,2009,TOTAL,25045801293,11016932510,14028868783,12.69,,,,,,
,EU28,2010,TOTAL,32158053650,768875558.7,31389178092,22.21,,,,,,
,EU28,2011,TOTAL,38378462157,6705000,38371757157,33.57,,,,,,
,EU28,2012,TOTAL,44034545493,0,44034545493,46.6,,,,,,
,EU28,2013,TOTAL,52204376960,0,52204376960,62.04,,,,,,
,EU28,2014,TOTAL,50103155431,128440000,49974715431,76.87,,,,,,
,EU28,2015,TOTAL,40708945106,0,40708945106,88.92,,,,,,
,EU28,2016,TOTAL,17608319256,0,17608029220,97.94,,,,,,
,Finland,2007,ERDF,19548039.6,19548039.6,0,2,,,,,,
,Finland,2008,ERDF,29322059.4,29322059.4,0,5,,,,,,
,Finland,2009,ERDF,114476903.7,24435049.51,90041854.15,16.71,,,,,,
,Finland,2010,ERDF,110903237.2,0,110903237.2,28.06,,,,,,
,Finland,2011,ERDF,132292779.1,0,132292779.1,41.59,,,,,,
,Finland,2012,ERDF,104391510.5,0,104391510.5,52.27,,,,,,
,Finland,2013,ERDF,211287537.2,0,211287537.2,73.89,,,,,,
,Finland,2014,ERDF,133791750.1,0,133791750.1,87.58,,,,,,
,Finland,2015,ERDF,72164043.65,0,72164043.65,94.96,,,,,,
,Finland,2016,ERDF,354020.67,0,354020.67,99.5,,,,,,
,Finland,2007,ESF,12371281.28,12371281.28,0,2,,,,,,
,Finland,2008,ESF,18556921.92,18556921.92,0,5,,,,,,
,Finland,2009,ESF,69637898.78,15464101.6,54173797.18,16.26,,,,,,
,Finland,2010,ESF,36816427.07,0,36816427.07,22.21,,,,,,
,Finland,2011,ESF,109185321.2,0,109185321.2,39.86,,,,,,
,Finland,2012,ESF,115977937.5,0,115977937.5,58.61,,,,,,
,Finland,2013,ESF,123425596.9,0,123425596.9,78.56,,,,,,
,Finland,2014,ESF,81359492.62,0,81359492.62,91.72,,,,,,
,Finland,2015,ESF,20304983.6,0,20304983.6,95,,,,,,
,Finland,2016,ESF,0,0,0,99.98,,,,,,
,Finland,2007,TOTAL,31919320.88,31919320.88,0,2,,,,,,
,Finland,2008,TOTAL,47878981.32,47878981.32,0,5,,,,,,
,Finland,2009,TOTAL,184114802.4,39899151.11,144215651.3,16.54,,,,,,
,Finland,2010,TOTAL,147719664.3,0,147719664.3,25.79,,,,,,
,Finland,2011,TOTAL,241478100.3,0,241478100.3,40.92,,,,,,
,Finland,2012,TOTAL,220369447.9,0,220369447.9,54.73,,,,,,
,Finland,2013,TOTAL,334713134.1,0,334713134.1,75.7,,,,,,
,Finland,2014,TOTAL,215151242.7,0,215151242.7,89.18,,,,,,
,Finland,2015,TOTAL,92469027.25,0,92469027.25,94.98,,,,,,
,Finland,2016,TOTAL,354020.67,0,354020.67,99.69,,,,,,
,France,2007,ERDF,105212139.6,105212139.6,0,1.31,,,,,,
,France,2008,ERDF,297521513.5,297521513.5,0,5,,,,,,
,France,2009,ERDF,607649042.3,201366826.6,406282215.7,12.55,,,,,,
,France,2010,ERDF,821235127,0,821235127,22.75,,,,,,
,France,2011,ERDF,1120578123,0,1120578123,36.67,,,,,,
,France,2012,ERDF,568791887,0,568791887,43.73,,,,,,
,France,2013,ERDF,1317737651,0,1317737651,60.1,,,,,,
,France,2014,ERDF,1391386917,0,1391386917,77.38,,,,,,
,France,2015,ERDF,1154086088,0,1154086088,91.72,,,,,,
,France,2016,ERDF,264253600.6,0,264253600.6,99.41,,,,,,
,France,2007,ESF,105933775.2,105933775.2,0,1.93,,,,,,
,France,2008,ESF,163793624.3,163793624.3,0,4.91,,,,,,
,France,2009,ESF,561062239.5,134863699.8,426198539.8,15.12,,,,,,
,France,2010,ESF,535728197.5,0,535728197.5,24.87,,,,,,
,France,2011,ESF,357951571.2,0,357951571.2,31.39,,,,,,
,France,2012,ESF,580776605.9,0,580776605.9,41.96,,,,,,
,France,2013,ESF,976739864.1,0,976739864.1,59.73,,,,,,
,France,2014,ESF,819024169.4,0,819024169.4,74.64,,,,,,
,France,2015,ESF,993264429.7,0,993264429.7,92.72,,,,,,
,France,2016,ESF,125546113.7,0,125546113.7,95,,,,,,
,France,2007,TOTAL,211145914.7,211145914.7,0,1.56,,,,,,
,France,2008,TOTAL,461315137.8,461315137.8,0,4.96,,,,,,
,France,2009,TOTAL,1168711282,336230526.4,832480755.5,13.59,,,,,,
,France,2010,TOTAL,1356963325,0,1356963325,23.61,,,,,,
,France,2011,TOTAL,1478529694,0,1478529694,34.53,,,,,,
,France,2012,TOTAL,1149568493,0,1149568493,43.01,,,,,,
,France,2013,TOTAL,2294477515,0,2294477515,59.95,,,,,,
,France,2014,TOTAL,2210411087,0,2210411087,76.27,,,,,,
,France,2015,TOTAL,2147350518,0,2147350518,92.12,,,,,,
,France,2016,TOTAL,389799714.2,0,389799714.2,97.62,,,,,,
,Germany,2007,ERDF,322159230.5,322159230.5,0,2,,,,,,
,Germany,2008,ERDF,499767349.1,483238845.8,16528503.3,5.11,,,,,,
,Germany,2009,ERDF,1998385929,402699038.2,1595686891,17.52,,,,,,
,Germany,2010,ERDF,1717287948,0,1717287948,28.18,,,,,,
,Germany,2011,ERDF,2225630491,0,2225630491,42.01,,,,,,
,Germany,2012,ERDF,2034296616,0,2034296616,54.64,,,,,,
,Germany,2013,ERDF,2324819735,0,2324819735,69.08,,,,,,
,Germany,2014,ERDF,2109052083,0,2109052083,82.18,,,,,,
,Germany,2015,ERDF,1655039179,0,1655039179,92.46,,,,,,
,Germany,2016,ERDF,383090876.2,0,383090876.2,97.86,,,,,,
,Germany,2007,ESF,187613095.3,187613095.3,0,2,,,,,,
,Germany,2008,ESF,322373573.5,281419642.9,40953930.58,5.45,,,,,,
,Germany,2009,ESF,1113761956,234516369.1,879245586.8,17.35,,,,,,
,Germany,2010,ESF,1128141449,0,1128141449,29.41,,,,,,
,Germany,2011,ESF,973691675,0,973691675,39.81,,,,,,
,Germany,2012,ESF,1256973890,0,1256973890,53.25,,,,,,
,Germany,2013,ESF,1925319706,0,1925319706,73.82,,,,,,
,Germany,2014,ESF,1073068594,0,1073068594,85.29,,,,,,
,Germany,2015,ESF,674850487.1,0,674850487.1,92.5,,,,,,
,Germany,2016,ESF,164116542.9,0,164116542.9,97.17,,,,,,
,Germany,2007,TOTAL,509772325.8,509772325.8,0,2,,,,,,
,Germany,2008,TOTAL,822140922.6,764658488.7,57482433.88,5.23,,,,,,
,Germany,2009,TOTAL,3112147885,637215407.4,2474932477,17.46,,,,,,
,Germany,2010,TOTAL,2845429397,0,2845429397,28.63,,,,,,
,Germany,2011,TOTAL,3199322165,0,3199322165,41.2,,,,,,
,Germany,2012,TOTAL,3291270506,0,3291270506,54.13,,,,,,
,Germany,2013,TOTAL,4250139440,0,4250139440,70.82,,,,,,
,Germany,2014,TOTAL,3182120677,0,3182120677,83.32,,,,,,
,Germany,2015,TOTAL,2329889666,0,2329889666,92.47,,,,,,
,Germany,2016,TOTAL,547207419.1,0,547207419.1,97.6,,,,,,
,Greece,2007,CF,73943217.28,73943217.28,0,2,,,,,,
,Greece,2008,CF,110914825.9,110914825.9,0,5,,,,,,
,Greece,2009,CF,142747581.2,92429021.6,50318559.55,8.86,,,,,,
,Greece,2010,CF,260137098.7,0,260137098.7,15.9,,,,,,
,Greece,2011,CF,494714154.5,0,494714154.5,29.28,,,,,,
,Greece,2012,CF,619392948.7,0,619392948.7,46.03,,,,,,
,Greece,2013,CF,1041441480,0,1041441480,74.2,,,,,,
,Greece,2014,CF,580210011.3,0,580210011.3,89.89,,,,,,
,Greece,2015,CF,331291071.4,0,331291071.4,98.85,,,,,,
,Greece,2016,CF,42368475.54,0,42368475.54,100,,,,,,
,Greece,2007,ERDF,242986003.6,242986003.6,0,2,,,,,,
,Greece,2008,ERDF,364479005.3,364479005.3,0,5,,,,,,
,Greece,2009,ERDF,856327130.2,303732504.5,552594625.7,12.05,,,,,,
,Greece,2010,ERDF,1718258112,0,1718258112,26.19,,,,,,
,Greece,2011,ERDF,1635491224,0,1635491224,39.65,,,,,,
,Greece,2012,ERDF,1691761508,0,1691761508,53.58,,,,,,
,Greece,2013,ERDF,2210489542,0,2210489542,71.77,,,,,,
,Greece,2014,ERDF,2111441387,0,2111441387,89.15,,,,,,
,Greece,2015,ERDF,1191002759,0,1191002759,98.95,,,,,,
,Greece,2016,ERDF,127063506,0,127063506,100,,,,,,
,Greece,2007,ESF,84100000,84100000,0,1.93,,,,,,
,Greece,2008,ESF,126150000,126150000,0,4.82,,,,,,
,Greece,2009,ESF,145104149.1,117035030.2,28069118.9,8.14,,,,,,
,Greece,2010,ESF,292445396.7,0,292445396.7,14.84,,,,,,
,Greece,2011,ESF,512854537.1,0,512854537.1,26.6,,,,,,
,Greece,2012,ESF,577688731.8,0,577688731.8,39.84,,,,,,
,Greece,2013,ESF,859912837.6,0,859912837.6,59.54,,,,,,
,Greece,2014,ESF,1088683043,0,1088683043,84.49,,,,,,
,Greece,2015,ESF,459633418,0,459633418,95.02,,,,,,
,Greece,2016,ESF,217228290,0,217228290,100,,,,,,
,Greece,2007,TOTAL,401029220.8,401029220.8,0,1.98,,,,,,
,Greece,2008,TOTAL,601543831.3,601543831.3,0,4.96,,,,,,
,Greece,2009,TOTAL,1144178860,513196556.3,630982304.2,10.62,,,,,,
,Greece,2010,TOTAL,2270840608,0,2270840608,21.86,,,,,,
,Greece,2011,TOTAL,2643059916,0,2643059916,34.94,,,,,,
,Greece,2012,TOTAL,2888843188,0,2888843188,49.23,,,,,,
,Greece,2013,TOTAL,4111843859,0,4111843859,69.58,,,,,,
,Greece,2014,TOTAL,3780334441,0,3780334441,88.28,,,,,,
,Greece,2015,TOTAL,1981927249,0,1981927249,98.09,,,,,,
,Greece,2016,TOTAL,386660271.5,0,386660271.5,100,,,,,,
,Hungary,2007,CF,208179582,208179582,0,2.5,,,,,,
,Hungary,2008,CF,333087331.2,333087331.2,0,6.51,,,,,,
,Hungary,2009,CF,551486635.9,333087331.2,218399304.7,13.15,,,,,,
,Hungary,2010,CF,559273795.7,166543665.6,392730130.1,19.88,,,,,,
,Hungary,2011,CF,759628315.1,0,759628315.1,29.01,,,,,,
,Hungary,2012,CF,407223371.1,0,407223371.1,33.91,,,,,,
,Hungary,2013,CF,1451917584,0,1451917584,51.38,,,,,,
,Hungary,2014,CF,1859824614,0,1859824614,73.76,,,,,,
,Hungary,2015,CF,1597961700,0,1597961700,92.98,,,,,,
,Hungary,2016,CF,167821543.8,0,167821543.8,97.1,,,,,,
,Hungary,2007,ERDF,252994876.6,252994876.6,0,2,,,,,,
,Hungary,2008,ERDF,388783768.8,379492315,9291453.81,5.08,,,,,,
,Hungary,2009,ERDF,1029409537,505989753.3,523419783.8,13.22,,,,,,
,Hungary,2010,ERDF,1183232328,0,1183232328,22.59,,,,,,
,Hungary,2011,ERDF,2125873018,0,2125873018,39.41,,,,,,
,Hungary,2012,ERDF,1399841573,0,1399841573,50.48,,,,,,
,Hungary,2013,ERDF,1813771292,0,1813771292,64.83,,,,,,
,Hungary,2014,ERDF,1447012234,0,1447012234,76.28,,,,,,
,Hungary,2015,ERDF,1393506912,0,1393506912,87.31,,,,,,
,Hungary,2016,ERDF,733557246,0,733557246,99.86,,,,,,
,Hungary,2007,ESF,72581771.02,72581771.02,0,2.01,,,,,,
,Hungary,2008,ESF,110453292.1,108872656.5,1580635.55,5.07,,,,,,
,Hungary,2009,ESF,258756414.9,145163542,113592872.9,12.23,,,,,,
,Hungary,2010,ESF,215919993.6,145163542,70756451.55,18.21,,,,,,
,Hungary,2011,ESF,557845557,0,557845557,33.65,,,,,,
,Hungary,2012,ESF,375891049.3,0,375891049.3,44.06,,,,,,
,Hungary,2013,ESF,437501095.4,0,437501095.4,56.17,,,,,,
,Hungary,2014,ESF,894540063.8,0,894540063.8,80.94,,,,,,
,Hungary,2015,ESF,18414110.91,0,18414110.91,81.45,,,,,,
,Hungary,2016,ESF,489596665.1,0,489596665.1,99.21,,,,,,
,Hungary,2007,TOTAL,533756229.7,533756229.7,0,2.17,,,,,,
,Hungary,2008,TOTAL,832324392,821452302.7,10872089.36,5.56,,,,,,
,Hungary,2009,TOTAL,1839652588,984240626.5,855411961.4,13.05,,,,,,
,Hungary,2010,TOTAL,1958426117,311707207.6,1646718910,21.02,,,,,,
,Hungary,2011,TOTAL,3443346890,0,3443346890,35.04,,,,,,
,Hungary,2012,TOTAL,2182955994,0,2182955994,43.93,,,,,,
,Hungary,2013,TOTAL,3703189971,0,3703189971,59.01,,,,,,
,Hungary,2014,TOTAL,4201376912,0,4201376912,76.11,,,,,,
,Hungary,2015,TOTAL,3009882723,0,3009882723,88.37,,,,,,
,Hungary,2016,TOTAL,1390975455,0,1390975455,98.83,,,,,,
,Ireland,2007,ERDF,7507247.44,7507247.44,0,2,,,,,,
,Ireland,2008,ERDF,11260871.16,11260871.16,0,5,,,,,,
,Ireland,2009,ERDF,49094911.77,9384059.3,39710852.47,18.08,,,,,,
,Ireland,2010,ERDF,44586459.41,0,44586459.41,29.96,,,,,,
,Ireland,2011,ERDF,23097118.26,0,23097118.26,36.11,,,,,,
,Ireland,2012,ERDF,54711606.24,0,54711606.24,50.69,,,,,,
,Ireland,2013,ERDF,73064349.8,0,73064349.8,70.15,,,,,,
,Ireland,2014,ERDF,48431383.07,0,48431383.07,83.05,,,,,,
,Ireland,2015,ERDF,29680587.76,0,29680587.76,90.96,,,,,,
,Ireland,2016,ERDF,15159718.49,0,15159718.49,100,,,,,,
,Ireland,2007,ESF,7507247.4,7507247.4,0,2,,,,,,
,Ireland,2008,ESF,56941076.89,11260871.1,45680205.79,17.17,,,,,,
,Ireland,2009,ESF,42810316.19,9384059.25,33426256.94,28.57,,,,,,
,Ireland,2010,ESF,52053222.33,0,52053222.33,42.44,,,,,,
,Ireland,2011,ESF,67508279.17,0,67508279.17,60.43,,,,,,
,Ireland,2012,ESF,35873805.04,0,35873805.04,69.98,,,,,,
,Ireland,2013,ESF,0,0,0,69.98,,,,,,
,Ireland,2014,ESF,24148177.84,0,24148177.84,76.42,,,,,,
,Ireland,2015,ESF,47060263.97,0,47060263.97,88.95,,,,,,
,Ireland,2016,ESF,22691862.67,0,22691862.67,100,,,,,,
,Ireland,2007,TOTAL,15014494.84,15014494.84,0,2,,,,,,
,Ireland,2008,TOTAL,68201948.05,22521742.26,45680205.79,11.08,,,,,,
,Ireland,2009,TOTAL,91905227.96,18768118.55,73137109.41,23.33,,,,,,
,Ireland,2010,TOTAL,96639681.74,0,96639681.74,36.2,,,,,,
,Ireland,2011,TOTAL,90605397.43,0,90605397.43,48.27,,,,,,
,Ireland,2012,TOTAL,90585411.28,0,90585411.28,60.34,,,,,,
,Ireland,2013,TOTAL,73064349.8,0,73064349.8,70.07,,,,,,
,Ireland,2014,TOTAL,72579560.91,0,72579560.91,79.74,,,,,,
,Ireland,2015,TOTAL,76740851.73,0,76740851.73,89.96,,,,,,
,Ireland,2016,TOTAL,37851581.16,0,37851581.16,100,,,,,,
,Italy,2007,ERDF,332102832.1,332102832.1,0,1.58,,,,,,
,Italy,2008,ERDF,719262543.3,719262543.3,0,5.01,,,,,,
,Italy,2009,ERDF,699082379.1,525682687.8,173399691.3,8.34,,,,,,
,Italy,2010,ERDF,1110302471,0,1110302471,13.63,,,,,,
,Italy,2011,ERDF,1187602660,0,1187602660,19.29,,,,,,
,Italy,2012,ERDF,1390346903,0,1390346903,25.91,,,,,,
,Italy,2013,ERDF,4166478794,0,4166478794,45.76,,,,,,
,Italy,2014,ERDF,2697016561,0,2697016561,58.61,,,,,,
,Italy,2015,ERDF,3659180591,0,3659180591,76.05,,,,,,
,Italy,2016,ERDF,3133021562,0,3133021562,92.46,,,,,,
,Italy,2007,ESF,138760157.9,138760157.9,0,2,,,,,,
,Italy,2008,ESF,208140236.9,208140236.9,0,4.99,,,,,,
,Italy,2009,ESF,633641895.5,173450197.5,460191698,14.11,,,,,,
,Italy,2010,ESF,335633162.6,0,335633162.6,18.93,,,,,,
,Italy,2011,ESF,708255624,0,708255624,29.12,,,,,,
,Italy,2012,ESF,1135171401,0,1135171401,45.45,,,,,,
,Italy,2013,ESF,1239165928,0,1239165928,63.28,,,,,,
,Italy,2014,ESF,1006383196,0,1006383196,77.76,,,,,,
,Italy,2015,ESF,804485689.4,0,804485689.4,89.33,,,,,,
,Italy,2016,ESF,206580197,0,206580197,95.83,,,,,,
,Italy,2007,TOTAL,470862990,470862990,0,1.69,,,,,,
,Italy,2008,TOTAL,927402780.2,927402780.2,0,5,,,,,,
,Italy,2009,TOTAL,1332724275,699132885.2,633591389.3,9.77,,,,,,
,Italy,2010,TOTAL,1445935634,0,1445935634,14.95,,,,,,
,Italy,2011,TOTAL,1895858284,0,1895858284,21.74,,,,,,
,Italy,2012,TOTAL,2525518304,0,2525518304,30.77,,,,,,
,Italy,2013,TOTAL,5405644723,0,5405644723,50.12,,,,,,
,Italy,2014,TOTAL,3703399757,0,3703399757,63.38,,,,,,
,Italy,2015,TOTAL,4463666280,0,4463666280,79.35,,,,,,
,Italy,2016,TOTAL,3339601759,0,3339601759,93.3,,,,,,
,Latvia,2007,CF,38494413.82,38494413.82,0,2.5,,,,,,
,Latvia,2008,CF,61591062.12,61591062.12,0,6.5,,,,,,
,Latvia,2009,CF,96497506.23,61591062.12,34906444.11,12.77,,,,,,
,Latvia,2010,CF,167532395.3,30795531.06,136736864.2,23.65,,,,,,
,Latvia,2011,CF,130700037.3,0,130700037.3,32.14,,,,,,
,Latvia,2012,CF,214510232.6,0,214510232.6,46.07,,,,,,
,Latvia,2013,CF,204852438.2,0,204852438.2,59.37,,,,,,
,Latvia,2014,CF,323953441.4,0,323953441.4,80.41,,,,,,
,Latvia,2015,CF,224656198.3,0,224656198.3,95,,,,,,
,Latvia,2016,CF,0,0,0,100,,,,,,
,Latvia,2007,ERDF,48800347.28,48800347.28,0,2.03,,,,,,
,Latvia,2008,ERDF,73200520.92,73200520.92,0,5.07,,,,,,
,Latvia,2009,ERDF,286572367.4,97600694.56,188971672.8,16.97,,,,,,
,Latvia,2010,ERDF,139219269.1,0,139219269.1,22.75,,,,,,
,Latvia,2011,ERDF,257870653.2,0,257870653.2,33.46,,,,,,
,Latvia,2012,ERDF,387390915.9,0,387390915.9,49.55,,,,,,
,Latvia,2013,ERDF,327225937.3,0,327225937.3,63.15,,,,,,
,Latvia,2014,ERDF,388684338.2,0,388684338.2,79.29,,,,,,
,Latvia,2015,ERDF,378224646.6,0,378224646.6,95,,,,,,
,Latvia,2016,ERDF,0,0,0,100,,,,,,
,Latvia,2007,ESF,11013074.34,11013074.34,0,1.89,,,,,,
,Latvia,2008,ESF,16519611.51,16519611.51,0,4.72,,,,,,
,Latvia,2009,ESF,41893776.22,22026148.68,19867627.54,11.91,,,,,,
,Latvia,2010,ESF,157212663.6,22026148.68,135186515,38.87,,,,,,
,Latvia,2011,ESF,123458546.8,0,123458546.8,60.04,,,,,,
,Latvia,2012,ESF,112274801.8,0,112274801.8,79.3,,,,,,
,Latvia,2013,ESF,91576056.82,0,91576056.82,95,,,,,,
,Latvia,2014,ESF,0,0,0,95,,,,,,
,Latvia,2015,ESF,0,0,0,95,,,,,,
,Latvia,2016,ESF,0,0,0,100,,,,,,
,Latvia,2007,TOTAL,98307835.44,98307835.44,0,2.17,,,,,,
,Latvia,2008,TOTAL,151311194.6,151311194.6,0,5.51,,,,,,
,Latvia,2009,TOTAL,424963649.8,181217905.4,243745744.5,14.89,,,,,,
,Latvia,2010,TOTAL,463964328,52821679.74,411142648.3,25.13,,,,,,
,Latvia,2011,TOTAL,512029237.3,0,512029237.3,36.43,,,,,,
,Latvia,2012,TOTAL,714175950.3,0,714175950.3,52.2,,,,,,
,Latvia,2013,TOTAL,623654432.3,0,623654432.3,65.96,,,,,,
,Latvia,2014,TOTAL,712637779.6,0,712637779.6,81.69,,,,,,
,Latvia,2015,TOTAL,602880844.9,0,602880844.9,95,,,,,,
,Latvia,2016,TOTAL,0,0,0,100,,,,,,
,Lithuania,2007,CF,57630893.58,57630893.58,0,2.5,,,,,,
,Lithuania,2008,CF,92209429.72,92209429.72,0,6.5,,,,,,
,Lithuania,2009,CF,245405979.8,92209429.72,153196550.1,17.15,,,,,,
,Lithuania,2010,CF,323136916,46104714.86,277032201.2,31.16,,,,,,
,Lithuania,2011,CF,357283657.4,0,357283657.4,46.66,,,,,,
,Lithuania,2012,CF,354992288.9,0,354992288.9,62.06,,,,,,
,Lithuania,2013,CF,360230623.8,0,360230623.8,77.69,,,,,,
,Lithuania,2014,CF,399084166.7,0,399084166.7,95,,,,,,
,Lithuania,2015,CF,0,0,0,95,,,,,,
,Lithuania,2016,CF,0,0,0,100,,,,,,
,Lithuania,2007,ERDF,68839007.06,68839007.06,0,2,,,,,,
,Lithuania,2008,ERDF,103258510.6,103258510.6,0,5,,,,,,
,Lithuania,2009,ERDF,745159279.1,137678014.1,607481265,26.65,,,,,,
,Lithuania,2010,ERDF,367289939.8,0,367289939.8,37.32,,,,,,
,Lithuania,2011,ERDF,404172083.5,0,404172083.5,49.06,,,,,,
,Lithuania,2012,ERDF,511609098.9,0,511609098.9,63.93,,,,,,
,Lithuania,2013,ERDF,535291796.8,0,535291796.8,79.48,,,,,,
,Lithuania,2014,ERDF,447994801.2,0,447994801.2,92.49,,,,,,
,Lithuania,2015,ERDF,86238318.34,0,86238318.34,95,,,,,,
,Lithuania,2016,ERDF,0,0,0,100,,,,,,
,Lithuania,2007,ESF,20566134.54,20566134.54,0,2,,,,,,
,Lithuania,2008,ESF,30849201.81,30849201.81,0,5,,,,,,
,Lithuania,2009,ESF,77309826.92,41132269.08,36177557.84,12.52,,,,,,
,Lithuania,2010,ESF,181391089.2,41132269.08,140258820.1,30.16,,,,,,
,Lithuania,2011,ESF,176335363.9,0,176335363.9,47.31,,,,,,
,Lithuania,2012,ESF,147386035.2,0,147386035.2,61.64,,,,,,
,Lithuania,2013,ESF,176983235.2,0,176983235.2,78.85,,,,,,
,Lithuania,2014,ESF,166070503.8,0,166070503.8,95,,,,,,
,Lithuania,2015,ESF,0,0,0,95,,,,,,
,Lithuania,2016,ESF,0,0,0,99.93,,,,,,
,Lithuania,2007,TOTAL,147036035.2,147036035.2,0,2.17,,,,,,
,Lithuania,2008,TOTAL,226317142.1,226317142.1,0,5.51,,,,,,
,Lithuania,2009,TOTAL,1067875086,271019712.9,796855372.9,21.27,,,,,,
,Lithuania,2010,TOTAL,871817945.1,87236983.94,784580961.2,34.14,,,,,,
,Lithuania,2011,TOTAL,937791104.8,0,937791104.8,47.98,,,,,,
,Lithuania,2012,TOTAL,1013987423,0,1013987423,62.94,,,,,,
,Lithuania,2013,TOTAL,1072505656,0,1072505656,78.77,,,,,,
,Lithuania,2014,TOTAL,1013149472,0,1013149472,93.73,,,,,,
,Lithuania,2015,TOTAL,86238318.34,0,86238318.34,95,,,,,,
,Lithuania,2016,TOTAL,0,0,0,99.99,,,,,,
,Luxembourg,2007,ERDF,0,0,0,0,,,,,,
,Luxembourg,2008,ERDF,1262183.3,1262183.3,0,5,,,,,,
,Luxembourg,2009,ERDF,631091.65,631091.65,0,7.5,,,,,,
,Luxembourg,2010,ERDF,2559460.58,0,2559460.58,17.64,,,,,,
,Luxembourg,2011,ERDF,7153624.39,0,7153624.39,45.98,,,,,,
,Luxembourg,2012,ERDF,1814097.87,0,1814097.87,53.16,,,,,,
,Luxembourg,2013,ERDF,3805343.58,0,3805343.58,68.24,,,,,,
,Luxembourg,2014,ERDF,4156719.7,0,4156719.7,84.7,,,,,,
,Luxembourg,2015,ERDF,2598961.63,0,2598961.63,95,,,,,,
,Luxembourg,2016,ERDF,0,0,0,100,,,,,,
,Luxembourg,2007,ESF,504873.32,504873.32,0,2,,,,,,
,Luxembourg,2008,ESF,757309.98,757309.98,0,5,,,,,,
,Luxembourg,2009,ESF,1954970.98,631091.65,1323879.33,12.74,,,,,,
,Luxembourg,2010,ESF,437917.99,0,437917.99,14.48,,,,,,
,Luxembourg,2011,ESF,5228462.04,0,5228462.04,35.19,,,,,,
,Luxembourg,2012,ESF,3853491.84,0,3853491.84,50.46,,,,,,
,Luxembourg,2013,ESF,4285659,0,4285659,67.43,,,,,,
,Luxembourg,2014,ESF,3910171.52,0,3910171.52,82.92,,,,,,
,Luxembourg,2015,ESF,3048626.03,0,3048626.03,95,,,,,,
,Luxembourg,2016,ESF,0,0,0,100,,,,,,
,Luxembourg,2007,TOTAL,504873.32,504873.32,0,1,,,,,,
,Luxembourg,2008,TOTAL,2019493.28,2019493.28,0,5,,,,,,
,Luxembourg,2009,TOTAL,2586062.63,1262183.3,1323879.33,10.12,,,,,,
,Luxembourg,2010,TOTAL,2997378.57,0,2997378.57,16.06,,,,,,
,Luxembourg,2011,TOTAL,12382086.43,0,12382086.43,40.58,,,,,,
,Luxembourg,2012,TOTAL,5667589.71,0,5667589.71,51.81,,,,,,
,Luxembourg,2013,TOTAL,8091002.58,0,8091002.58,67.84,,,,,,
,Luxembourg,2014,TOTAL,8066891.22,0,8066891.22,83.81,,,,,,
,Luxembourg,2015,TOTAL,5647587.66,0,5647587.66,95,,,,,,
,Luxembourg,2016,TOTAL,0,0,0,100,,,,,,
,Malta,2007,CF,7103625.5,7103625.5,0,2.5,,,,,,
,Malta,2008,CF,11365800.8,11365800.8,0,6.5,,,,,,
,Malta,2009,CF,11365800.8,11365800.8,0,10.5,,,,,,
,Malta,2010,CF,32538383.73,0,32538383.73,21.95,,,,,,
,Malta,2011,CF,27096878.01,0,27096878.01,31.49,,,,,,
,Malta,2012,CF,24929371.91,0,24929371.91,40.26,,,,,,
,Malta,2013,CF,33558306.13,0,33558306.13,52.07,,,,,,
,Malta,2014,CF,59318109.75,0,59318109.75,72.95,,,,,,
,Malta,2015,CF,18536274.02,0,18536274.02,79.47,,,,,,
,Malta,2016,CF,35300133.67,0,35300133.67,100,,,,,,
,Malta,2007,ERDF,8879560.62,8879560.62,0,2,,,,,,
,Malta,2008,ERDF,13319340.93,13319340.93,0,5,,,,,,
,Malta,2009,ERDF,19395994.34,17759121.24,1636873.1,9.37,,,,,,
,Malta,2010,ERDF,28101084.15,0,28101084.15,15.7,,,,,,
,Malta,2011,ERDF,44371148.66,0,44371148.66,25.69,,,,,,
,Malta,2012,ERDF,49445259.41,0,49445259.41,36.83,,,,,,
,Malta,2013,ERDF,49169981.44,0,49169981.44,47.9,,,,,,
,Malta,2014,ERDF,118785358.6,0,118785358.6,74.66,,,,,,
,Malta,2015,ERDF,37449766.55,0,37449766.55,83.09,,,,,,
,Malta,2016,ERDF,26730330.71,0,26730330.71,100,,,,,,
,Malta,2007,ESF,2240000,2240000,0,2,,,,,,
,Malta,2008,ESF,3360000,3360000,0,5,,,,,,
,Malta,2009,ESF,4551429.47,4480000,71429.47,9.06,,,,,,
,Malta,2010,ESF,5259247.04,0,5259247.04,13.76,,,,,,
,Malta,2011,ESF,10316696.87,0,10316696.87,22.97,,,,,,
,Malta,2012,ESF,8925604.51,0,8925604.51,30.94,,,,,,
,Malta,2013,ESF,27155612.07,0,27155612.07,55.19,,,,,,
,Malta,2014,ESF,15953135.65,0,15953135.65,69.43,,,,,,
,Malta,2015,ESF,13101789.7,0,13101789.7,81.13,,,,,,
,Malta,2016,ESF,0,0,0,100,,,,,,
,Malta,2007,TOTAL,18223186.12,18223186.12,0,2.17,,,,,,
,Malta,2008,TOTAL,28045141.73,28045141.73,0,5.51,,,,,,
,Malta,2009,TOTAL,35313224.61,33604922.04,1708302.57,9.71,,,,,,
,Malta,2010,TOTAL,65898714.92,0,65898714.92,17.55,,,,,,
,Malta,2011,TOTAL,81784723.54,0,81784723.54,27.29,,,,,,
,Malta,2012,TOTAL,83300235.83,0,83300235.83,37.2,,,,,,
,Malta,2013,TOTAL,109883899.6,0,109883899.6,50.28,,,,,,
,Malta,2014,TOTAL,194056604,0,194056604,73.38,,,,,,
,Malta,2015,TOTAL,69087830.27,0,69087830.27,81.61,,,,,,
,Malta,2016,TOTAL,62030464.38,0,62030464.38,100,,,,,,
,Netherlands,2007,ERDF,16600000,16600000,0,2,,,,,,
,Netherlands,2008,ERDF,24900000,24900000,0,5,,,,,,
,Netherlands,2009,ERDF,31199477.32,20750000,10449477.32,8.76,,,,,,
,Netherlands,2010,ERDF,82291614.83,0,82291614.83,18.67,,,,,,
,Netherlands,2011,ERDF,176762236.1,0,176762236.1,39.97,,,,,,
,Netherlands,2012,ERDF,71282110.47,0,71282110.47,48.56,,,,,,
,Netherlands,2013,ERDF,144282671.4,0,144282671.4,65.94,,,,,,
,Netherlands,2014,ERDF,149565063.9,0,149565063.9,83.96,,,,,,
,Netherlands,2015,ERDF,35372575.38,0,35372575.38,88.22,,,,,,
,Netherlands,2016,ERDF,56244250.5,0,56244250.5,100,,,,,,
,Netherlands,2007,ESF,16600054.74,16600054.74,0,2,,,,,,
,Netherlands,2008,ESF,24900082.11,24900082.11,0,5,,,,,,
,Netherlands,2009,ESF,24073223.73,20750068.43,3323155.3,7.9,,,,,,
,Netherlands,2010,ESF,67871383.55,0,67871383.55,16.08,,,,,,
,Netherlands,2011,ESF,92952519.34,0,92952519.34,27.28,,,,,,
,Netherlands,2012,ESF,127244107.6,0,127244107.6,42.61,,,,,,
,Netherlands,2013,ESF,158936774.2,0,158936774.2,61.76,,,,,,
,Netherlands,2014,ESF,129106356.2,0,129106356.2,77.31,,,,,,
,Netherlands,2015,ESF,139537632.3,0,139537632.3,94.12,,,,,,
,Netherlands,2016,ESF,7280466.41,0,7280466.41,99.23,,,,,,
,Netherlands,2007,TOTAL,33200054.74,33200054.74,0,2,,,,,,
,Netherlands,2008,TOTAL,49800082.11,49800082.11,0,5,,,,,,
,Netherlands,2009,TOTAL,55272701.05,41500068.43,13772632.62,8.33,,,,,,
,Netherlands,2010,TOTAL,150162998.4,0,150162998.4,17.38,,,,,,
,Netherlands,2011,TOTAL,269714755.5,0,269714755.5,33.62,,,,,,
,Netherlands,2012,TOTAL,198526218.1,0,198526218.1,45.58,,,,,,
,Netherlands,2013,TOTAL,303219445.7,0,303219445.7,63.85,,,,,,
,Netherlands,2014,TOTAL,278671420.1,0,278671420.1,80.64,,,,,,
,Netherlands,2015,TOTAL,174910207.6,0,174910207.6,91.17,,,,,,
,Netherlands,2016,TOTAL,63524716.91,0,63524716.91,99.62,,,,,,
,Poland,2007,CF,554408844.4,554408844.4,0,2.48,,,,,,
,Poland,2008,CF,887054151,887054151,0,6.44,,,,,,
,Poland,2009,CF,1585578332,887054151,698524181,13.52,,,,,,
,Poland,2010,CF,1328185276,0,1328185276,19.45,,,,,,
,Poland,2011,CF,2544422783,0,2544422783,30.82,,,,,,
,Poland,2012,CF,3124607866,0,3124607866,44.78,,,,,,
,Poland,2013,CF,3436723133,0,3436723133,60.13,,,,,,
,Poland,2014,CF,4497445614,0,4497445614,80.22,,,,,,
,Poland,2015,CF,3309367602,0,3309367602,95,,,,,,
,Poland,2016,CF,0,0,0,100,,,,,,
,Poland,2007,ERDF,652250319,652250319,0,1.87,,,,,,
,Poland,2008,ERDF,1014665842,1014665842,0,4.79,,,,,,
,Poland,2009,ERDF,2628590355,1333532929,1295057426,12.35,,,,,,
,Poland,2010,ERDF,4556059400,0,4556059400,25.44,,,,,,
,Poland,2011,ERDF,5239235053,0,5239235053,40.5,,,,,,
,Poland,2012,ERDF,5316207350,0,5316207350,55.78,,,,,,
,Poland,2013,ERDF,5525909954,0,5525909954,71.66,,,,,,
,Poland,2014,ERDF,5657379631,0,5657379631,87.93,,,,,,
,Poland,2015,ERDF,2369807526,0,2369807526,94.74,,,,,,
,Poland,2016,ERDF,91344710.82,0,91344710.82,100,,,,,,
,Poland,2007,ESF,194143520,194143520,0,1.94,,,,,,
,Poland,2008,ESF,291215280,291215280,0,4.85,,,,,,
,Poland,2009,ESF,941503828.9,388287040,553216788.9,14.26,,,,,,
,Poland,2010,ESF,966715588,0,966715588,23.92,,,,,,
,Poland,2011,ESF,1631890910,0,1631890910,40.22,,,,,,
,Poland,2012,ESF,1657381688,0,1657381688,56.79,,,,,,
,Poland,2013,ESF,1513081541,0,1513081541,71.91,,,,,,
,Poland,2014,ESF,1532155871,0,1532155871,87.22,,,,,,
,Poland,2015,ESF,778939813.5,0,778939813.5,95,,,,,,
,Poland,2016,ESF,0,0,0,100,,,,,,
,Poland,2007,TOTAL,1400802683,1400802683,0,2.08,,,,,,
,Poland,2008,TOTAL,2192935273,2192935273,0,5.35,,,,,,
,Poland,2009,TOTAL,5155672515,2608874120,2546798396,13.02,,,,,,
,Poland,2010,TOTAL,6850960264,0,6850960264,23.22,,,,,,
,Poland,2011,TOTAL,9415548747,0,9415548747,37.23,,,,,,
,Poland,2012,TOTAL,10098196903,0,10098196903,52.26,,,,,,
,Poland,2013,TOTAL,10475714628,0,10475714628,67.86,,,,,,
,Poland,2014,TOTAL,11686981116,0,11686981116,85.25,,,,,,
,Poland,2015,TOTAL,6458114942,0,6458114942,94.86,,,,,,
,Poland,2016,TOTAL,91344710.82,0,91344710.82,100,,,,,,
,Portugal,2007,CF,61199310.5,61199310.5,0,2,,,,,,
,Portugal,2008,CF,91798965.75,91798965.75,0,5,,,,,,
,Portugal,2009,CF,143467150.3,76499138.13,66968012.16,9.69,,,,,,
,Portugal,2010,CF,236489848.2,0,236489848.2,17.42,,,,,,
,Portugal,2011,CF,74487855.43,0,74487855.43,19.85,,,,,,
,Portugal,2012,CF,735654557.1,0,735654557.1,43.89,,,,,,
,Portugal,2013,CF,857184279.4,0,857184279.4,71.91,,,,,,
,Portugal,2014,CF,618631792,0,618631792,92.12,,,,,,
,Portugal,2015,CF,88053490.12,0,88053490.12,95,,,,,,
,Portugal,2016,CF,0,0,0,100,,,,,,
,Portugal,2007,ERDF,235062383.7,235062383.7,0,2.04,,,,,,
,Portugal,2008,ERDF,356897972.4,356897972.4,0,5.15,,,,,,
,Portugal,2009,ERDF,556868918,295980178.1,260888739.9,9.99,,,,,,
,Portugal,2010,ERDF,1476161741,0,1476161741,22.83,,,,,,
,Portugal,2011,ERDF,1470547751,0,1470547751,35.62,,,,,,
,Portugal,2012,ERDF,2738472686,0,2738472686,59.44,,,,,,
,Portugal,2013,ERDF,2122226434,0,2122226434,77.89,,,,,,
,Portugal,2014,ERDF,1541659766,0,1541659766,91.3,,,,,,
,Portugal,2015,ERDF,420436721.3,0,420436721.3,94.96,,,,,,
,Portugal,2016,ERDF,4962393.45,0,4962393.45,100,,,,,,
,Portugal,2007,ESF,130247757.3,130247757.3,0,1.9,,,,,,
,Portugal,2008,ESF,199539991.4,195371636,4168355.43,4.81,,,,,,
,Portugal,2009,ESF,1007999199,162809696.6,845189502.1,19.52,,,,,,
,Portugal,2010,ESF,906332832.1,0,906332832.1,32.74,,,,,,
,Portugal,2011,ESF,1139249927,0,1139249927,49.37,,,,,,
,Portugal,2012,ESF,1110206179,0,1110206179,65.57,,,,,,
,Portugal,2013,ESF,1194849757,0,1194849757,83,,,,,,
,Portugal,2014,ESF,819153786,0,819153786,94.95,,,,,,
,Portugal,2015,ESF,4334808.92,0,4334808.92,95.02,,,,,,
,Portugal,2016,ESF,0,0,0,100.02,,,,,,
,Portugal,2007,TOTAL,426509451.5,426509451.5,0,1.99,,,,,,
,Portugal,2008,TOTAL,648236929.6,644068574.1,4168355.43,5.02,,,,,,
,Portugal,2009,TOTAL,1708335267,535289012.8,1173046254,13,,,,,,
,Portugal,2010,TOTAL,2618984421,0,2618984421,25.23,,,,,,
,Portugal,2011,TOTAL,2684285533,0,2684285533,37.77,,,,,,
,Portugal,2012,TOTAL,4584333422,0,4584333422,59.18,,,,,,
,Portugal,2013,TOTAL,4174260470,0,4174260470,78.67,,,,,,
,Portugal,2014,TOTAL,2979445344,0,2979445344,92.59,,,,,,
,Portugal,2015,TOTAL,512825020.3,0,512825020.3,94.98,,,,,,
,Portugal,2016,TOTAL,4962393.45,0,4962393.45,100.01,,,,,,
,Romania,2007,CF,163810575.7,163810575.7,0,2.51,,,,,,
,Romania,2008,CF,262096921.1,262096921.1,0,6.53,,,,,,
,Romania,2009,CF,302671779.3,262096921.1,40574858.22,11.17,,,,,,
,Romania,2010,CF,175172828.5,131048460.6,44124367.91,13.86,,,,,,
,Romania,2011,CF,98796785.46,0,98796785.46,15.37,,,,,,
,Romania,2012,CF,427242258.9,0,427242258.9,21.92,,,,,,
,Romania,2013,CF,962513420.1,0,962513420.1,36.68,,,,,,
,Romania,2014,CF,1554586467,0,1554586467,60.51,,,,,,
,Romania,2015,CF,905647284.6,0,905647284.6,74.4,,,,,,
,Romania,2016,CF,995550188.8,0,995550188.8,89.66,,,,,,
,Romania,2007,ERDF,179529321.3,179529321.3,0,2.03,,,,,,
,Romania,2008,ERDF,269293982,269293982,0,5.07,,,,,,
,Romania,2009,ERDF,457570431.9,359058642.6,98511789.29,10.24,,,,,,
,Romania,2010,ERDF,159273823.4,0,159273823.4,12.04,,,,,,
,Romania,2011,ERDF,415981335.4,0,415981335.4,16.74,,,,,,
,Romania,2012,ERDF,599559674,0,599559674,23.51,,,,,,
,Romania,2013,ERDF,1210601475,0,1210601475,37.19,,,,,,
,Romania,2014,ERDF,1864404746,0,1864404746,58.25,,,,,,
,Romania,2015,ERDF,952048770,0,952048770,69.01,,,,,,
,Romania,2016,ERDF,2032931375,0,2032931375,92.07,,,,,,
,Romania,2007,ESF,73682952.36,73682952.36,0,2.16,,,,,,
,Romania,2008,ESF,110524428.5,110524428.5,0,5.41,,,,,,
,Romania,2009,ESF,148882455.7,147365904.7,1516550.97,9.77,,,,,,
,Romania,2010,ESF,171282418.3,147365904.7,23916513.59,14.8,,,,,,
,Romania,2011,ESF,183784028.3,0,183784028.3,20.19,,,,,,
,Romania,2012,ESF,110860554.1,0,110860554.1,23.45,,,,,,
,Romania,2013,ESF,711355238.9,0,711355238.9,44.32,,,,,,
,Romania,2014,ESF,117815418,0,117815418,47.77,,,,,,
,Romania,2015,ESF,733665103.1,0,733665103.1,69.3,,,,,,
,Romania,2016,ESF,635481551.4,0,635481551.4,87.95,,,,,,
,Romania,2007,TOTAL,417022849.4,417022849.4,0,2.22,,,,,,
,Romania,2008,TOTAL,641915331.6,641915331.6,0,5.64,,,,,,
,Romania,2009,TOTAL,909124667,768521468.5,140603198.5,10.48,,,,,,
,Romania,2010,TOTAL,505729070.2,278414365.3,227314704.9,13.17,,,,,,
,Romania,2011,TOTAL,698562149.2,0,698562149.2,16.89,,,,,,
,Romania,2012,TOTAL,1137662487,0,1137662487,22.95,,,,,,
,Romania,2013,TOTAL,2884470134,0,2884470134,38.31,,,,,,
,Romania,2014,TOTAL,3536806631,0,3536806631,57.14,,,,,,
,Romania,2015,TOTAL,2591361158,0,2591361158,70.93,,,,,,
,Romania,2016,TOTAL,3663963115,0,3663963115,90.49,,,,,,
,Slovakia,2007,CF,97468464.08,97468464.08,0,2.5,,,,,,
,Slovakia,2008,CF,155949542.5,155949542.5,0,6.5,,,,,,
,Slovakia,2009,CF,158630421.9,155949542.5,2680879.38,10.57,,,,,,
,Slovakia,2010,CF,401792477.1,0,401792477.1,20.87,,,,,,
,Slovakia,2011,CF,122328099.9,0,122328099.9,24.01,,,,,,
,Slovakia,2012,CF,353484928.1,0,353484928.1,33.08,,,,,,
,Slovakia,2013,CF,551873200.1,0,551873200.1,47.23,,,,,,
,Slovakia,2014,CF,403065761.1,0,403065761.1,57.57,,,,,,
,Slovakia,2015,CF,1232773554,0,1232773554,89.19,,,,,,
,Slovakia,2016,CF,226435185.9,0,226435185.9,97.07,,,,,,
,Slovakia,2007,ERDF,119245564.6,119245564.6,0,1.95,,,,,,
,Slovakia,2008,ERDF,178868346.9,178868346.9,0,4.89,,,,,,
,Slovakia,2009,ERDF,275622159.4,238491129.2,37131030.16,9.41,,,,,,
,Slovakia,2010,ERDF,573472941.9,0,573472941.9,18.81,,,,,,
,Slovakia,2011,ERDF,758911149.3,0,758911149.3,31.25,,,,,,
,Slovakia,2012,ERDF,921147054.9,0,921147054.9,46.35,,,,,,
,Slovakia,2013,ERDF,660132510.5,0,660132510.5,57.17,,,,,,
,Slovakia,2014,ERDF,137719068.8,0,137719068.8,59.43,,,,,,
,Slovakia,2015,ERDF,1302361803,0,1302361803,80.78,,,,,,
,Slovakia,2016,ERDF,867509677.8,0,867509677.8,95.7,,,,,,
,Slovakia,2007,ESF,29992063.12,29992063.12,0,2.02,,,,,,
,Slovakia,2008,ESF,44988094.68,44988094.68,0,5.05,,,,,,
,Slovakia,2009,ESF,86558867.54,59984126.24,26574741.3,10.89,,,,,,
,Slovakia,2010,ESF,46960973.71,0,46960973.71,14.05,,,,,,
,Slovakia,2011,ESF,140994735.5,0,140994735.5,23.55,,,,,,
,Slovakia,2012,ESF,247796910.8,0,247796910.8,40.25,,,,,,
,Slovakia,2013,ESF,123215580.4,0,123215580.4,48.55,,,,,,
,Slovakia,2014,ESF,312164536.2,0,312164536.2,69.59,,,,,,
,Slovakia,2015,ESF,360075997,0,360075997,93.85,,,,,,
,Slovakia,2016,ESF,17081062.1,0,17081062.1,95,,,,,,
,Slovakia,2007,TOTAL,246706091.8,246706091.8,0,2.15,,,,,,
,Slovakia,2008,TOTAL,379805984.1,379805984.1,0,5.46,,,,,,
,Slovakia,2009,TOTAL,520811448.8,454424798,66386650.84,9.99,,,,,,
,Slovakia,2010,TOTAL,1022226393,0,1022226393,18.89,,,,,,
,Slovakia,2011,TOTAL,1022233985,0,1022233985,27.8,,,,,,
,Slovakia,2012,TOTAL,1522428894,0,1522428894,41.05,,,,,,
,Slovakia,2013,TOTAL,1335221291,0,1335221291,52.68,,,,,,
,Slovakia,2014,TOTAL,852949366.2,0,852949366.2,60.11,,,,,,
,Slovakia,2015,TOTAL,2895211354,0,2895211354,85.32,,,,,,
,Slovakia,2016,TOTAL,1111025926,0,1111025926,96.08,,,,,,
,Slovenia,2007,CF,35289246.45,35289246.45,0,2.5,,,,,,
,Slovenia,2008,CF,56462794.32,56462794.32,0,6.5,,,,,,
,Slovenia,2009,CF,136151652.9,56462794.32,79688858.53,16.15,,,,,,
,Slovenia,2010,CF,107768123.8,0,107768123.8,23.78,,,,,,
,Slovenia,2011,CF,40367297.94,0,40367297.94,26.64,,,,,,
,Slovenia,2012,CF,87218988.82,0,87218988.82,32.82,,,,,,
,Slovenia,2013,CF,105042609.4,0,105042609.4,40.26,,,,,,
,Slovenia,2014,CF,338557167,0,338557167,64.24,,,,,,
,Slovenia,2015,CF,434133484.6,0,434133484.6,95,,,,,,
,Slovenia,2016,CF,0,0,0,100,,,,,,
,Slovenia,2007,ERDF,38675588.16,38675588.16,0,2,,,,,,
,Slovenia,2008,ERDF,58013382.24,58013382.24,0,5,,,,,,
,Slovenia,2009,ERDF,155991740.4,77351176.32,78640564.12,13.07,,,,,,
,Slovenia,2010,ERDF,252704619.3,0,252704619.3,26.13,,,,,,
,Slovenia,2011,ERDF,389506488.1,0,389506488.1,46.28,,,,,,
,Slovenia,2012,ERDF,324390328.8,0,324390328.8,63.05,,,,,,
,Slovenia,2013,ERDF,259695374.4,0,259695374.4,76.48,,,,,,
,Slovenia,2014,ERDF,298282490.1,0,298282490.1,91.91,,,,,,
,Slovenia,2015,ERDF,59830426.04,0,59830426.04,95,,,,,,
,Slovenia,2016,ERDF,0,0,0,100,,,,,,
,Slovenia,2007,ESF,15113987.4,15113987.4,0,2,,,,,,
,Slovenia,2008,ESF,22670981.1,22670981.1,0,5,,,,,,
,Slovenia,2009,ESF,33471219.15,30227974.8,3243244.35,9.43,,,,,,
,Slovenia,2010,ESF,104672421.4,0,104672421.4,23.28,,,,,,
,Slovenia,2011,ESF,70738137.96,0,70738137.96,32.64,,,,,,
,Slovenia,2012,ESF,134226321.5,0,134226321.5,50.4,,,,,,
,Slovenia,2013,ESF,151477018.3,0,151477018.3,70.45,,,,,,
,Slovenia,2014,ESF,134880399.9,0,134880399.9,88.3,,,,,,
,Slovenia,2015,ESF,50663914.86,0,50663914.86,95,,,,,,
,Slovenia,2016,ESF,0,0,0,100,,,,,,
,Slovenia,2007,TOTAL,89078822.01,89078822.01,0,2.17,,,,,,
,Slovenia,2008,TOTAL,137147157.7,137147157.7,0,5.52,,,,,,
,Slovenia,2009,TOTAL,325614612.4,164041945.4,161572667,13.46,,,,,,
,Slovenia,2010,TOTAL,465145164.5,0,465145164.5,24.8,,,,,,
,Slovenia,2011,TOTAL,500611924,0,500611924,37.01,,,,,,
,Slovenia,2012,TOTAL,545835639.1,0,545835639.1,50.31,,,,,,
,Slovenia,2013,TOTAL,516215002.1,0,516215002.1,62.9,,,,,,
,Slovenia,2014,TOTAL,771720057,0,771720057,81.72,,,,,,
,Slovenia,2015,TOTAL,544627825.5,0,544627825.5,95,,,,,,
,Slovenia,2016,TOTAL,0,0,0,100,,,,,,
,Spain,2007,CF,70864260.16,70864260.16,0,2,,,,,,
,Spain,2008,CF,106296390.2,106296390.2,0,5,,,,,,
,Spain,2009,CF,88580325.2,88580325.2,0,7.5,,,,,,
,Spain,2010,CF,1310967640,0,1310967640,44.5,,,,,,
,Spain,2011,CF,454140046.2,0,454140046.2,57.32,,,,,,
,Spain,2012,CF,228593893.7,0,228593893.7,63.77,,,,,,
,Spain,2013,CF,316127930.2,0,316127930.2,72.69,,,,,,
,Spain,2014,CF,646438590.7,0,646438590.7,90.93,,,,,,
,Spain,2015,CF,144043281.1,0,144043281.1,95,,,,,,
,Spain,2016,CF,0,0,0,99.87,,,,,,
,Spain,2007,ERDF,461143843,461143843,0,2,,,,,,
,Spain,2008,ERDF,691715764.5,691715764.5,0,5,,,,,,
,Spain,2009,ERDF,1196106517,576429803.8,619676713.6,10.19,,,,,,
,Spain,2010,ERDF,2405311809,0,2405311809,20.63,,,,,,
,Spain,2011,ERDF,2916714891,0,2916714891,33.28,,,,,,
,Spain,2012,ERDF,3673468652,0,3673468652,49.22,,,,,,
,Spain,2013,ERDF,2732400906,0,2732400906,61.08,,,,,,
,Spain,2014,ERDF,2491031202,0,2491031202,71.89,,,,,,
,Spain,2015,ERDF,3099386603,0,3099386603,85.34,,,,,,
,Spain,2016,ERDF,1613745397,0,1613745397,99.4,,,,,,
,Spain,2007,ESF,161146576.4,161146576.4,0,2.03,,,,,,
,Spain,2008,ESF,241719864.7,241719864.7,0,5.08,,,,,,
,Spain,2009,ESF,659886578.4,201433220.6,458453357.8,13.4,,,,,,
,Spain,2010,ESF,361342826.5,0,361342826.5,17.96,,,,,,
,Spain,2011,ESF,1531426507,0,1531426507,37.27,,,,,,
,Spain,2012,ESF,1350908215,0,1350908215,54.3,,,,,,
,Spain,2013,ESF,767346691.1,0,767346691.1,63.98,,,,,,
,Spain,2014,ESF,336193645.2,0,336193645.2,68.21,,,,,,
,Spain,2015,ESF,580153092.1,0,580153092.1,75.53,,,,,,
,Spain,2016,ESF,851737309.1,0,851737309.1,99.79,,,,,,
,Spain,2007,TOTAL,693154679.6,693154679.6,0,2.01,,,,,,
,Spain,2008,TOTAL,1039732019,1039732019,0,5.02,,,,,,
,Spain,2009,TOTAL,1944573421,866443349.7,1078130071,10.65,,,,,,
,Spain,2010,TOTAL,4077622276,0,4077622276,22.46,,,,,,
,Spain,2011,TOTAL,4902281444,0,4902281444,36.67,,,,,,
,Spain,2012,TOTAL,5252970760,0,5252970760,51.88,,,,,,
,Spain,2013,TOTAL,3815875528,0,3815875528,62.94,,,,,,
,Spain,2014,TOTAL,3473663438,0,3473663438,73,,,,,,
,Spain,2015,TOTAL,3823582976,0,3823582976,84.07,,,,,,
,Spain,2016,TOTAL,2465482706,0,2465482706,99.54,,,,,,
,Sweden,2007,ERDF,18690814.6,18690814.6,0,2,,,,,,
,Sweden,2008,ERDF,28036221.9,28036221.9,0,5,,,,,,
,Sweden,2009,ERDF,117885911.7,23363518.27,94522393.41,17.61,,,,,,
,Sweden,2010,ERDF,92736156.78,0,92736156.78,27.54,,,,,,
,Sweden,2011,ERDF,189649171,0,189649171,47.83,,,,,,
,Sweden,2012,ERDF,110051001.8,0,110051001.8,59.61,,,,,,
,Sweden,2013,ERDF,149273070.2,0,149273070.2,75.58,,,,,,
,Sweden,2014,ERDF,133471896.9,0,133471896.9,89.86,,,,,,
,Sweden,2015,ERDF,43279600.1,0,43279600.1,94.49,,,,,,
,Sweden,2016,ERDF,4739848.51,0,4739848.51,97.96,,,,,,
,Sweden,2007,ESF,13831023.16,13831023.16,0,2,,,,,,
,Sweden,2008,ESF,20746534.74,20746534.74,0,5,,,,,,
,Sweden,2009,ESF,63501244.62,17288778.95,46212465.67,14.18,,,,,,
,Sweden,2010,ESF,82521927.12,0,82521927.12,26.12,,,,,,
,Sweden,2011,ESF,128896112.4,0,128896112.4,44.75,,,,,,
,Sweden,2012,ESF,0,0,0,44.75,,,,,,
,Sweden,2013,ESF,101096345.7,0,101096345.7,59.37,,,,,,
,Sweden,2014,ESF,211251255.1,0,211251255.1,89.92,,,,,,
,Sweden,2015,ESF,35129157.36,0,35129157.36,95,,,,,,
,Sweden,2016,ESF,0,0,0,99.08,,,,,,
,Sweden,2007,TOTAL,32521837.76,32521837.76,0,2,,,,,,
,Sweden,2008,TOTAL,48782756.64,48782756.64,0,5,,,,,,
,Sweden,2009,TOTAL,181387156.3,40652297.22,140734859.1,16.15,,,,,,
,Sweden,2010,TOTAL,175258083.9,0,175258083.9,26.93,,,,,,
,Sweden,2011,TOTAL,318545283.4,0,318545283.4,46.52,,,,,,
,Sweden,2012,TOTAL,110051001.8,0,110051001.8,53.29,,,,,,
,Sweden,2013,TOTAL,250369415.9,0,250369415.9,68.69,,,,,,
,Sweden,2014,TOTAL,344723152,0,344723152,89.89,,,,,,
,Sweden,2015,TOTAL,78408757.46,0,78408757.46,94.71,,,,,,
,Sweden,2016,TOTAL,4739848.51,0,4739848.51,98.44,,,,,,
,United Kingdom,2007,ERDF,108320394.7,108320394.7,0,2.01,,,,,,
,United Kingdom,2008,ERDF,162480592.1,162480592.1,0,5.03,,,,,,
,United Kingdom,2009,ERDF,296491907.9,135400493.4,161091414.5,10.53,,,,,,
,United Kingdom,2010,ERDF,763568895.4,0,763568895.4,24.71,,,,,,
,United Kingdom,2011,ERDF,681586900.2,0,681586900.2,37.36,,,,,,
,United Kingdom,2012,ERDF,464281757.6,0,464281757.6,45.98,,,,,,
,United Kingdom,2013,ERDF,299911499.7,0,299911499.7,51.54,,,,,,
,United Kingdom,2014,ERDF,1294844194,0,1294844194,75.58,,,,,,
,United Kingdom,2015,ERDF,697403674.4,0,697403674.4,88.53,,,,,,
,United Kingdom,2016,ERDF,348921369.8,0,348631332.9,97.85,,,,,,
,United Kingdom,2007,ESF,89498354.56,89498354.56,0,1.99,,,,,,
,United Kingdom,2008,ESF,134247531.8,134247531.8,0,4.98,,,,,,
,United Kingdom,2009,ESF,548573178.6,111872943.2,436700235.3,17.2,,,,,,
,United Kingdom,2010,ESF,637958998.5,0,637958998.5,31.4,,,,,,
,United Kingdom,2011,ESF,417975758.5,0,417975758.5,40.71,,,,,,
,United Kingdom,2012,ESF,731392978.6,0,731392978.6,57,,,,,,
,United Kingdom,2013,ESF,271872420.7,0,271872420.7,63.05,,,,,,
,United Kingdom,2014,ESF,318941460.6,0,318941460.6,70.15,,,,,,
,United Kingdom,2015,ESF,773607436.1,0,773607436.1,87.38,,,,,,
,United Kingdom,2016,ESF,342217668,0,342217668,95.18,,,,,,
,United Kingdom,2007,TOTAL,197818749.3,197818749.3,0,2,,,,,,
,United Kingdom,2008,TOTAL,296728123.9,296728123.9,0,5.01,,,,,,
,United Kingdom,2009,TOTAL,845065086.4,247273436.6,597791649.8,13.56,,,,,,
,United Kingdom,2010,TOTAL,1401527894,0,1401527894,27.75,,,,,,
,United Kingdom,2011,TOTAL,1099562659,0,1099562659,38.88,,,,,,
,United Kingdom,2012,TOTAL,1195674736,0,1195674736,50.99,,,,,,
,United Kingdom,2013,TOTAL,571783920.4,0,571783920.4,56.78,,,,,,
,United Kingdom,2014,TOTAL,1613785655,0,1613785655,73.11,,,,,,
,United Kingdom,2015,TOTAL,1471011110,0,1471011110,88.01,,,,,,
,United Kingdom,2016,TOTAL,691139037.8,0,690849000.8,96.64,,,,,,
